Name;ISIN;Symbol;Market;"Trading Currency";Open;High;Low;Last;"Last Date/Time";"Time Zone";Volume;Turnover
European ETFS, Funds, ETVs, ETNs. Type : ETFs26 Oct 2020All datapoints provided as of end of last active trading day."AMUNDI G AG500 UH";LU1778293313;GAHU;"Euronext Paris";USD;57.9967;57.9967;57.9768;57.9768;"26/10/20 17:35";CET;0;0
"AMUNDI EU CORP BBB";LU1681041387;CBBB;"Euronext Paris";EUR;16.322;16.322;16.248;16.248;"26/10/20 16:16";CET;1377;22373.496
"AMUNDI ETF CAC 40";LU1681046931;C40;"Euronext Paris";EUR;72.89;73.64;72.46;72.46;"26/10/20 17:35";CET;8277;599496.43
"AMUNDIETF CAC40(D)";LU1681047079;C4D;"Euronext Paris";EUR;49.12;49.535;48.80;48.825;"26/10/20 17:35";CET;518;25583.93
"AMUNDI PEA EM ALAT";FR0013412004;PALAT;"Euronext Paris";EUR;13.712;13.937;13.712;13.834;"26/10/20 17:35";CET;4696;64758.671
"AMUNDI ETF DAX DR";FR0010655712;CG1;"Euronext Paris";EUR;224.60;225.85;221.70;221.70;"26/10/20 17:35";CET;501;111687.70
"AMUNDI ETF INFL";FR0010754127;CI3;"Euronext Paris";EUR;231.35;231.35;230.74;230.74;"26/10/20 17:35";CET;0;0.00
"AMUNDI ETF GV 0-6M";FR0010754200;C3M;"Euronext Paris";EUR;116.93;116.93;116.93;116.93;"26/10/20 17:35";CET;0;0.00
"AMUNDI ETF IG 1015";FR0010754143;C10;"Euronext Paris";EUR;327.26;327.26;325.92;325.93;"26/10/20 17:35";CET;26;8498.46
"AMUNDI ETF IG 1-3";FR0010754135;C13;"Euronext Paris";EUR;168.66;168.66;168.60;168.60;"26/10/20 17:35";CET;0;0.00
"AMUNDI ETF IG 3-5";FR0010754168;C33;"Euronext Paris";EUR;206.02;206.02;205.84;205.84;"26/10/20 17:35";CET;0;0.00
"AMUNDI ETF IG 5-7";FR0010754176;C53;"Euronext Paris";EUR;246.69;246.69;246.35;246.35;"26/10/20 17:35";CET;0;0.00
"AMUNDI BOND IG 57D";FR0013506649;C53D;"Euronext Paris";EUR;51.08;51.08;51.08;51.08;"14/09/20 10:29";CET;1;51.08
"AMUNDI ETF IG 7-10";FR0010754184;C73;"Euronext Paris";EUR;284.67;284.67;284.03;284.03;"26/10/20 17:35";CET;0;0.00
"AMUNDI ETF MKT NEU";FR0013284304;MKTN;"Euronext Paris";EUR;21.26;21.26;21.235;21.235;"26/10/20 17:35";CET;0;0.00
"AMUNDI ETF LEV USA";FR0010755611;CL2;"Euronext Paris";EUR;2238.50;2265.50;2195.50;2195.50;"26/10/20 17:35";CET;251;557225.00
"AMUNDI MSCI BRAZIL";LU1437024992;BRZ;"Euronext Paris";USD;36.257;36.68;36.257;36.68;"26/10/20 17:35";CET;0;0.00
"AMUNDI ETF EMU HDV";FR0010717090;CD8;"Euronext Paris";EUR;107.42;108.06;106.68;106.82;"26/10/20 17:35";CET;991;106839.12
"AMUNDI ETF EU BANK";FR0010688176;CB5;"Euronext Paris";EUR;46.78;47.735;46.78;46.915;"26/10/20 17:35";CET;238;11236.555
"AMUNDI EUR BUYBACK";FR0012805687;BBEU;"Euronext Paris";EUR;172.50;172.50;171.50;171.50;"26/10/20 17:35";CET;0;0.00
"AMUNDI ETF MS E EN";FR0010930644;ANRJ;"Euronext Paris";EUR;135.52;137.26;134.80;135.36;"26/10/20 17:35";CET;123;16698.98
"AMUNDI ETF EU X EM";FR0010821819;CU9;"Euronext Paris";EUR;227.01;227.01;226.82;226.82;"26/10/20 17:35";CET;0;0.00
"AMUNDI ETF EU HEAL";FR0010688192;CH5;"Euronext Paris";EUR;279.55;281.50;279.55;280.35;"26/10/20 17:35";CET;1;281.50
"AMUNDI ETF MS FRA";FR0010655704;CF1;"Euronext Paris";EUR;236.70;239.10;235.25;235.30;"26/10/20 17:35";CET;113;26637.80
"AMUNDI ETF MS SPA";FR0010655746;CS1;"Euronext Paris";EUR;144.48;146.48;144.48;144.52;"26/10/20 17:35";CET;78;11354.10
"AMUNDI ETF MSCI UK";FR0010655761;CU1;"Euronext Paris";EUR;153.08;153.18;153.08;153.18;"26/10/20 17:35";CET;0;0.00
"AMUNDI ETF W X EMU";FR0010756114;CM9;"Euronext Paris";EUR;320.61;321.77;317.84;317.84;"26/10/20 17:35";CET;29;9308.43
"AMUNDI PEA TOPIX H";FR0013411998;PTPXH;"Euronext Paris";EUR;20.148;20.148;20.116;20.116;"26/10/20 17:35";CET;0;0.00
"AMUNDI PEA TOPIX";FR0013411980;PTPXE;"Euronext Paris";EUR;20.538;20.572;20.487;20.543;"26/10/20 17:35";CET;2991;61392.794
"AMUNDI PEA EM ASIA";FR0013412012;PAASI;"Euronext Paris";EUR;22.44;22.606;22.394;22.468;"26/10/20 17:35";CET;522910;401944.615
"AMUNDI PEA MSCI EM";FR0013412020;PAEEM;"Euronext Paris";EUR;20.335;20.482;20.306;20.362;"26/10/20 17:35";CET;3694;75219.098
"AMUNDI PEA EUROPE";FR0013412038;PCEU;"Euronext Paris";EUR;18.716;18.92;18.678;18.68;"26/10/20 17:35";CET;3257;61209.974
"AMUNDI PEA NASDAQ";FR0013412269;PANX;"Euronext Paris";EUR;28.168;28.50;27.924;27.924;"26/10/20 17:35";CET;11352;319622.156
"AMUNDI PEA SP500 H";FR0013412293;P500H;"Euronext Paris";EUR;23.305;23.337;23.033;23.033;"26/10/20 17:35";CET;8916;207279.571
"AMUNDI PEA SP500";FR0013412285;PE500;"Euronext Paris";EUR;22.674;22.788;22.435;22.435;"26/10/20 17:35";CET;9879;223103.924
"AMUNDI ETF SH CAC";FR0010717124;C4S;"Euronext Paris";EUR;19.208;19.306;19.134;19.306;"26/10/20 17:35";CET;597;11500.112
"AMUNDI ETF SHT E50";FR0010757781;C5S;"Euronext Paris";EUR;12.798;12.922;12.716;12.91;"26/10/20 17:35";CET;21070;270490.508
"AMUNDI ETF SHT1015";FR0010823385;S10;"Euronext Paris";EUR;49.94;50.01;49.83;50.01;"26/10/20 17:35";CET;519;25893.25
"AMUNDI ETF SHT USA";FR0010791194;C2U;"Euronext Paris";EUR;9.614;9.699;9.579;9.699;"26/10/20 17:35";CET;63793;612540.745
"AMUNDI ETF SHT US7";FR0010892745;SU7;"Euronext Paris";USD;65.77;65.77;65.73;65.73;"26/10/20 17:35";CET;0;0.00
"AMUNDI ETF STOXX50";FR0010790980;C5E;"Euronext Paris";EUR;68.08;68.08;67.26;67.35;"26/10/20 17:35";CET;64067;4394888.78
"AMUNDI ETF CRP XFI";LU1681040140;AXFI;"Euronext Paris";EUR;117.0624;117.0624;116.8994;116.8994;"26/10/20 17:35";CET;0;0.00
"AMUNDI ETF CRP FIN";LU1681040066;AFIN;"Euronext Paris";EUR;139.0323;139.0323;138.7859;138.8389;"26/10/20 17:35";CET;1007;139757.4013
"AMUNDI ETF EUR CRP";LU1681039647;CC4;"Euronext Paris";EUR;229.0119;229.0119;228.5301;228.6987;"26/10/20 17:35";CET;312;71431.8164
"AMUNDI HI YIELD EU";LU1681040496;AHYE;"Euronext Paris";EUR;230.8682;230.9941;230.7869;230.7869;"26/10/20 17:35";CET;21;4849.2459
"AMUNDI EURZ CLIMPA";LU2182388582;PABZ;"Euronext Paris";EUR;50.30;50.30;49.895;49.895;"26/10/20 17:35";CET;1;49.975
"AMUNDI ETF ES50 C";LU1681047236;C50;"Euronext Paris";EUR;71.36;71.83;70.66;70.68;"26/10/20 17:35";CET;7288;480711.42
"AMUNDI ETF ES50 D";LU1681047319;CD5;"Euronext Paris";EUR;49.865;50.00;49.43;49.43;"26/10/20 17:35";CET;155;7714.985
"AMUNDI ES50 USD";LU1681047400;C50U;"Euronext Paris";USD;84.38;84.61;83.48;83.48;"26/10/20 17:35";CET;174;14722.14
"AMUNDI EUR SMT BET";LU1681039563;SMRE;"Euronext Paris";EUR;38.4202;38.4202;38.2322;38.2322;"26/10/20 17:35";CET;0;0.00
"AMUNDI ETF FRN 1 3";LU1681041114;AFRN;"Euronext Paris";EUR;100.8983;100.8983;100.8586;100.8981;"26/10/20 17:35";CET;107;10791.8756
"AMUNDI FRN 1 3 GBP";LU1923163676;AFRHG;"Euronext Paris";GBP;51.217;51.217;51.217;51.217;"26/10/20 17:35";CET;0;0.00
"AMUNDI FRN 1 3 USD";LU1923163759;AFRHU;"Euronext Paris";USD;52.371;52.371;52.371;52.371;"26/10/20 17:35";CET;0;0.00
"AMUNDI FRN US HEU";LU1681041031;AFLE;"Euronext Paris";EUR;50.1184;50.1253;50.1052;50.1253;"26/10/20 17:35";CET;216;10822.7232
"AMUNDI FRN USD";LU1681040900;AFLT;"Euronext Paris";USD;111.295;111.3363;111.2464;111.3104;"26/10/20 17:35";CET;2490;277094.8628
"AMUNDI EPRA EUROPE";LU1681039480;EPRE;"Euronext Paris";EUR;333.9375;333.9375;330.7443;330.7443;"26/10/20 17:35";CET;144;48067.2618
"AMUNDI ETF MIB";LU1681037518;FMI;"Euronext Paris";EUR;37.965;37.965;37.865;37.865;"26/10/20 17:35";CET;0;0.00
"AMUNDI ETF GOVT EM";LU1681041205;AGEB;"Euronext Paris";USD;142.005;142.2086;141.8294;142.0571;"26/10/20 17:35";CET;1380;195752.5181
"AMUNDI GLBAL INFRA";LU1589350310;GINF;"Euronext Paris";EUR;52.499;52.499;52.153;52.153;"26/10/20 17:35";CET;400;20999.60
"AMUNDI ETF IG ALL";LU1681046261;CB3;"Euronext Paris";EUR;257.17;257.17;256.5932;256.5932;"26/10/20 17:35";CET;29;7450.3185
"AMUNDI ETF HR 1-3";LU1681046428;AA13;"Euronext Paris";EUR;80.0565;80.0565;80.0364;80.0364;"26/10/20 17:35";CET;0;0.00
"AMUNDI ETF AAA";LU1681046691;AM3A;"Euronext Paris";EUR;249.223;249.223;248.7433;248.7944;"26/10/20 17:35";CET;281;69950.8588
"AMUNDI LOW RAT 1-3";LU1681046345;X13G;"Euronext Paris";EUR;115.38;115.38;115.3139;115.3416;"26/10/20 17:35";CET;1337;154176.5622
"AMUNDI ETF EX AAA";LU1681046774;X1G;"Euronext Paris";EUR;262.195;262.195;261.3327;261.4195;"26/10/20 17:35";CET;708;185151.9487
"AMUNDI LW RATED D";LU1681046857;X1GD;"Euronext Paris";EUR;246.9757;246.9757;246.3178;246.3178;"26/10/20 17:35";CET;1;246.3916
"AMUNDI EURCORP BBB";LU1525418643;EBBB;"Euronext Paris";EUR;52.095;52.095;52.055;52.055;"26/10/20 17:35";CET;4007;208712.609
"AMUNDI G AGG500 DR";LU1437024729;GAGG;"Euronext Paris";EUR;52.535;52.632;52.493;52.539;"26/10/20 17:35";CET;191;10032.743
"AMUNDI G AGG500 H";LU1708330318;GAGH;"Euronext Paris";EUR;53.573;53.573;53.5132;53.5132;"26/10/20 17:35";CET;0;0.00
"AMUNDI USCORP BBB";LU1525418726;UBBB;"Euronext Paris";USD;57.883;57.909;57.883;57.909;"26/10/20 17:35";CET;0;0.00
"AMUNDI US TIPS";LU1525419294;UIFL;"Euronext Paris";USD;60.444;60.50;60.429;60.429;"26/10/20 17:35";CET;17;1028.50
"AMUNDI BEINF US10Y";LU2037750168;BINFU;"Euronext Paris";USD;51.142;51.142;51.062;51.062;"26/10/20 17:35";CET;0;0.00
"AMUNDI SMART BETA";LU1602145119;SMRT;"Euronext Paris";EUR;405.3011;406.50;401.1258;401.1258;"26/10/20 17:35";CET;17;6875.9427
"AMUNDI SMART USD";LU1602145200;SMRU;"Euronext Paris";USD;478.3638;478.3638;474.1369;474.1369;"26/10/20 17:35";CET;0;0.00
"AMUNDI EURAGGCO DR";LU1437018168;ECRP;"Euronext Paris";EUR;54.188;54.188;54.099;54.165;"26/10/20 17:35";CET;608;32925.771
"AMUNDI EUR AGGSRI";LU2182388236;EGRI;"Euronext Paris";EUR;51.07;51.07;50.95;50.99;"26/10/20 17:35";CET;124;6317.80
"AMUNDI EU CRP3 SRI";LU2037748774;ECRP3;"Euronext Paris";EUR;50.109;50.119;50.05;50.119;"26/10/20 17:35";CET;279;13982.235
"AMUNDI EPRA DR";LU1437018838;EPRA;"Euronext Paris";EUR;49.202;49.349;48.541;48.541;"26/10/20 17:35";CET;2833;137907.754
"AMUNDI EUR GOV DR";LU1437018598;EGOV;"Euronext Paris";EUR;57.086;57.086;56.887;56.899;"26/10/20 17:35";CET;676;38492.226
"AMUNDI JPM GBI DR";LU1437016204;GGOV;"Euronext Paris";EUR;53.273;53.367;53.273;53.294;"26/10/20 17:35";CET;70;3733.574
"AMUNDI JPM GBI H E";LU1708330235;GOVH;"Euronext Paris";EUR;53.9845;54.0343;53.90;53.9659;"26/10/20 17:35";CET;4905;264392.264
"AMUNDI MSCI EM SRI";LU1861138961;EMSRI;"Euronext Paris";EUR;45.536;45.641;45.441;45.441;"26/10/20 17:35";CET;321671;14773113.849
"AMUNDI MSCI EM DR";LU1437017350;AEME;"Euronext Paris";EUR;57.462;57.797;57.327;57.433;"26/10/20 17:35";CET;88229;5101240.823
"AMUNDI AM MSCI EMU";LU2059756325;CMUD;"Euronext Paris";EUR;45.561;45.561;45.277;45.277;"26/10/20 17:35";CET;0;0.00
"AMUNDI ETF MS EMU";LU1602144575;CMU;"Euronext Paris";EUR;193.30;194.98;192.00;192.08;"26/10/20 17:35";CET;912;176155.74
"AMUNDI EUR CLIMCH";LU2130768844;LWCE;"Euronext Paris";EUR;50.27;50.27;50.04;50.04;"26/10/20 17:35";CET;0;0.00
"AMUNDI MSCI EU SRI";LU1861137484;EUSRI;"Euronext Paris";EUR;54.724;54.978;54.222;54.222;"26/10/20 17:35";CET;4438;242183.197
"AMUNDI MSCI EUR DR";LU1437015735;CEU2;"Euronext Paris";EUR;57.735;58.28;57.54;57.54;"26/10/20 17:35";CET;3243;188574.882
"AMUNDI WLD CLI C E";LU1602144229;LWCR;"Euronext Paris";EUR;277.8384;279.1478;275.6184;275.6184;"26/10/20 17:35";CET;130;36262.8429
"AMUNDI WLD CLI C U";LU1602144492;LWCU;"Euronext Paris";USD;328.7163;328.7163;325.7244;325.7244;"26/10/20 17:35";CET;285;93088.2103
"AMUNDI MSCI JAP E";LU1602144732;CJ1;"Euronext Paris";EUR;196.538;196.7096;196.4509;196.4509;"26/10/20 17:35";CET;200;39337.46
"AMUNDI MSCI JAP Y";LU1602144815;CJ1Y;"Euronext Paris";JPY;24384.00;24384.00;24351.00;24351.00;"26/10/20 17:35";CET;0;0.00
"AMUNDI NOR AM DR";LU1437016543;NRAM;"Euronext Paris";EUR;77.11;77.11;76.322;76.322;"26/10/20 17:35";CET;266;20451.32
"AMUNDI PAC X JAP E";LU1602144906;CP9;"Euronext Paris";EUR;495.90;497.25;495.00;495.00;"26/10/20 17:35";CET;342;169714.25
"AMUNDI PAC X JAP U";LU1602145036;CP9U;"Euronext Paris";USD;586.60;586.60;585.10;585.10;"26/10/20 17:35";CET;0;0.00
"AMUNDI MSCI US SRI";LU1861136247;USRI;"Euronext Paris";EUR;64.428;64.576;63.643;63.643;"26/10/20 17:35";CET;58132;3765470.428
"AMUNDI MSCI WD SRI";LU1861134382;WSRI;"Euronext Paris";EUR;60.28;60.473;59.548;59.548;"26/10/20 17:35";CET;1582;95064.795
"AMUNDI MSCI WLD DR";LU1437016972;MWRD;"Euronext Paris";EUR;69.774;69.974;69.147;69.147;"26/10/20 17:35";CET;2188;152419.431
"AMUNDI US CORP SRI";LU1806495575;UCRP;"Euronext Paris";USD;61.653;61.653;61.543;61.543;"26/10/20 17:35";CET;1392;85667.856
"AMUNDI TPX CHF DH";LU1681038169;TPHC;"Euronext Paris";CHF;57.9461;57.9461;57.855;57.855;"26/10/20 17:35";CET;0;0.00
"AMUNDI TOPIX HDG";LU1681037864;TPXH;"Euronext Paris";EUR;213.68;213.69;213.27;213.27;"26/10/20 17:35";CET;103;22006.37
"AMUNDI TPX GBP HD";LU1681038086;TPHG;"Euronext Paris";GBP;59.7913;59.7913;59.675;59.675;"26/10/20 17:35";CET;0;0.00
"AMUNDI TPX USD HD";LU1681037948;TPHU;"Euronext Paris";USD;64.4194;64.4194;64.3195;64.3195;"26/10/20 17:35";CET;0;0.00
"AMUNDI TOPIX EUR";LU1681037609;TPXE;"Euronext Paris";EUR;78.855;78.855;78.74;78.74;"26/10/20 17:35";CET;250;19711.15
"AMUNDI TOPIX JPY";LU1681037781;TPXY;"Euronext Paris";JPY;9775.1249;9780.8234;9759.1941;9759.1941;"26/10/20 17:35";CET;1186;11586490.1649
"AMUNDI JPNK CHF HD";LU1681047665;JPHC;"Euronext Paris";CHF;75.346;75.346;75.205;75.205;"26/10/20 17:35";CET;0;0.00
"AMUNDI JPNK EUR HD";LU1681039134;JPHE;"Euronext Paris";EUR;155.0172;155.0172;154.71;154.71;"26/10/20 17:35";CET;0;0.00
"AMUNDI JPNK GBP HD";LU1681039308;JPHG;"Euronext Paris";GBP;160.2693;160.2693;159.98;159.98;"26/10/20 17:35";CET;0;0.00
"AMUNDI JPNK USD HD";LU1681039217;JPHU;"Euronext Paris";USD;167.9885;167.9885;167.67;167.67;"26/10/20 17:35";CET;0;0.00
"AMUNDI JPXNK 400";LU1681038912;JPNK;"Euronext Paris";EUR;132.6032;132.6032;132.4472;132.4472;"26/10/20 17:35";CET;16;2121.6512
"AMUNDI JPXNK 400";LU1681039050;JPNY;"Euronext Paris";JPY;16434.7813;16434.7813;16411.6286;16411.6286;"26/10/20 17:35";CET;0;0.00
"AMUNDI ETF MS CHN";LU1681043912;CC1;"Euronext Paris";EUR;238.00;240.75;238.00;239.50;"26/10/20 17:35";CET;288;68897.25
"AMUNDI ETF CHINA-B";LU1681044050;CC1U;"Euronext Paris";USD;283.00;283.00;282.55;282.55;"26/10/20 17:35";CET;0;0.00
"AMUNDI ETF EAST EU";LU1681043755;CE9;"Euronext Paris";EUR;195.00;195.00;194.00;194.10;"26/10/20 17:35";CET;5;972.00
"AMUNDI ETF EE XR-B";LU1681043839;CE9U;"Euronext Paris";USD;230.15;230.15;228.85;228.85;"26/10/20 17:35";CET;0;0.00
"AMUNDI ETF EM ASIA";LU1681044480;AASI;"Euronext Paris";EUR;33.331;33.58;33.331;33.4225;"26/10/20 17:35";CET;528382;279356.2266
"AMUNDI ETF EM AS U";LU1681044563;AASU;"Euronext Paris";USD;39.5384;39.7633;39.4341;39.4692;"26/10/20 17:35";CET;502489;4058940.3936
"AMUNDI ETF EM LATA";LU1681045024;ALAT;"Euronext Paris";EUR;9.4741;9.61;9.4741;9.5412;"26/10/20 17:35";CET;130151;1247123.0736
"AMUNDI ETF EM LA U";LU1681045297;ALAU;"Euronext Paris";USD;11.1819;11.2764;11.1819;11.2764;"26/10/20 17:35";CET;0;0.00
"AMUNDI ETF MSCI EM";LU1681045370;AEEM;"Euronext Paris";EUR;4.3336;4.365;4.3305;4.3379;"26/10/20 17:35";CET;2828552;1427280.8326
"AMUNDI ETF MS EM B";LU1681045453;AUEM;"Euronext Paris";USD;5.1227;5.1624;5.1227;5.1271;"26/10/20 17:35";CET;79965;410740.7726
"AMUNDI EUR CLIMPAB";LU2182388319;PABE;"Euronext Paris";EUR;51.21;51.21;50.94;50.94;"26/10/20 17:35";CET;0;0.00
"AMUNDI ETF EU X SW";LU1681044308;CS9;"Euronext Paris";EUR;196.086;196.086;195.18;195.18;"26/10/20 17:35";CET;0;0.00
"AMUNDI ETF EU X UK";LU1681043326;AEXK;"Euronext Paris";EUR;29.38;29.38;29.21;29.21;"26/10/20 17:35";CET;17;497.93
"AMUNDI ETF EU GROW";LU1681042435;CG9;"Euronext Paris";EUR;225.55;225.55;224.25;224.25;"26/10/20 17:35";CET;0;0.00
"AMUNDI ETF EU HDVD";LU1681041973;CD9;"Euronext Paris";EUR;108.36;108.74;108.02;108.02;"26/10/20 17:35";CET;52;5651.88
"AMUNDI ETF EUR MID";LU1681041544;CEM;"Euronext Paris";EUR;100.4446;100.8069;99.8327;99.8327;"26/10/20 17:35";CET;10;1008.069
"AMUNDI EUR MIN VOL";LU1681041627;MIVO;"Euronext Paris";EUR;100.78;100.78;100.34;100.34;"26/10/20 17:35";CET;50000;5077050.00
"AMUNDI MSCI EURMOM";LU1681041460;MCEU;"Euronext Paris";EUR;71.87;72.28;71.59;71.59;"26/10/20 17:35";CET;341;24597.52
"AMUNDI MSCI EURQUA";LU1681041890;QCEU;"Euronext Paris";EUR;75.24;76.05;75.05;75.05;"26/10/20 17:35";CET;26324;2004236.37
"AMUNDI MSCI EUROPE";LU1681042609;CEU;"Euronext Paris";EUR;213.047;214.4585;211.9794;212.263;"26/10/20 17:35";CET;1708;363408.5843
"AMUNDI ETF EU VALU";LU1681042518;CV9;"Euronext Paris";EUR;175.0728;175.0728;174.5395;174.5395;"26/10/20 17:35";CET;20;3497.5988
"AMUNDI ETF MS IND";LU1681043086;CI2;"Euronext Paris";EUR;496.7411;496.7411;494.4412;494.4412;"26/10/20 17:35";CET;26;12905.6513
"AMUNDI ETF INDIA-B";LU1681043169;CI2U;"Euronext Paris";USD;585.8889;585.8889;584.2733;584.2733;"26/10/20 17:35";CET;0;0.00
"AMUNDI ETF MS NOR";LU1681044647;CN1;"Euronext Paris";EUR;433.80;435.10;428.90;428.90;"26/10/20 17:35";CET;146;62850.35
"AMUNDI MSCI SWITZ";LU1681044993;CSWC;"Euronext Paris";CHF;344.65;346.85;344.65;345.05;"26/10/20 17:35";CET;127;43981.75
"AMUNDI ETF MS SWI";LU1681044720;CSW;"Euronext Paris";EUR;322.05;323.85;321.05;321.65;"26/10/20 17:35";CET;108;34775.00
"AM MSCI UK IMI SRI";LU1437025023;C1U;"Euronext Paris";EUR;589.00;589.00;587.90;587.90;"26/10/20 17:35";CET;0;0.00
"AM MSCI UK IM SRIG";LU1437025296;FTSE;"Euronext Paris";GBP;535.60;535.60;533.60;533.60;"26/10/20 17:35";CET;0;0.00
"AMUNDI US ESG LEAD";LU2109787395;SADU;"Euronext Paris";USD;59.98;59.98;59.14;59.14;"26/10/20 17:35";CET;0;0.00
"AMUNDI US MIN VO";LU1589349734;MIVU;"Euronext Paris";EUR;58.458;58.529;57.885;57.885;"26/10/20 17:35";CET;335340;7396274.86
"AMUNDI ETF MSCI US";LU1681042864;CU2;"Euronext Paris";EUR;368.9199;368.9199;362.5016;362.5016;"26/10/20 17:35";CET;14535;5296797.8489
"AMUNDI ETF USA-B";LU1681042948;CU2U;"Euronext Paris";USD;433.2776;433.7975;428.3717;428.3717;"26/10/20 17:35";CET;108;46820.2842
"AMUNDI WRD CLIMPAB";LU2182388400;PABW;"Euronext Paris";EUR;43.061;43.061;43.061;43.061;"26/10/20 09:05";CET;0;0.00
"AMUNDI ETF WLD NRJ";LU1681046006;CWE;"Euronext Paris";EUR;138.84;138.84;136.18;136.18;"26/10/20 17:35";CET;237;32661.32
"AMUNDI MSCIWL ENYU";LU1681046188;CWEU;"Euronext Paris";USD;163.14;163.14;160.92;160.92;"26/10/20 17:35";CET;0;0.00
"AMUNDI ETF W EX EU";LU1681045537;CE8;"Euronext Paris";EUR;334.8933;335.3599;331.6126;331.6126;"26/10/20 17:35";CET;69;22953.2181
"AMUNDI ETF WLD FIN";LU1681045883;CWF;"Euronext Paris";EUR;137.3691;137.3691;136.2607;136.2607;"26/10/20 17:35";CET;0;0.00
"AMUNDI MSCIWL FNLU";LU1681045966;CWFU;"Euronext Paris";USD;162.5029;162.5029;160.9574;160.9574;"26/10/20 17:35";CET;0;0.00
"AMUNDI ETF MSCI WR";LU1681043599;CW8;"Euronext Paris";EUR;304.65;305.8753;302.0516;302.0516;"26/10/20 17:35";CET;5855;1685527.3809
"AMUNDI ETF WORLD-B";LU1681043672;CW8U;"Euronext Paris";USD;360.0282;360.0282;356.8793;356.8793;"26/10/20 17:35";CET;0;0.00
"AMUNDI NDXH EUR HD";LU1681038599;NDXH;"Euronext Paris";EUR;290.00;292.75;287.25;287.25;"26/10/20 17:35";CET;573;166337.80
"AMUNDI ETF NDX 100";LU1681038243;ANX;"Euronext Paris";EUR;108.88;110.14;107.92;107.92;"26/10/20 17:35";CET;7437;807429.06
"AMUNDI ETF NDX-B";LU1681038326;ANXU;"Euronext Paris";USD;128.76;128.76;127.56;127.56;"26/10/20 17:35";CET;2539;325246.66
"AMUNDI PHYS GOLD";FR0013416716;GOLD;"Euronext Paris";EUR;64.07;64.36;64.07;64.342;"26/10/20 17:35";CET;3996;256995.438
"AMUNDI RUSSEL 2K";LU1681038672;RS2K;"Euronext Paris";EUR;194.55;195.8347;192.6623;192.6623;"26/10/20 17:35";CET;290;56098.7724
"AMUNDI RUSSEL 2000";LU1681038839;RS2U;"Euronext Paris";USD;230.299;230.299;227.6634;227.6634;"26/10/20 17:35";CET;0;0.00
"AMUNDI S&P BBck EU";LU1681048127;BYBE;"Euronext Paris";EUR;144.66;144.66;142.38;142.38;"26/10/20 17:35";CET;0;0.00
"AMUNDI S&P BBck US";LU1681048556;BYBU;"Euronext Paris";USD;171.14;171.14;168.20;168.20;"26/10/20 17:35";CET;100;17084.00
"AM S&P500 ESG ETF";LU1437017863;S500;"Euronext Paris";EUR;77.105;77.414;76.374;76.374;"26/10/20 17:35";CET;784;60517.734
"AM S&P500 ESG HEDG";LU2098887263;S500H;"Euronext Paris";EUR;50.28;50.36;49.76;49.76;"26/10/20 17:35";CET;1770;89084.10
"AMUNDI SP500 H EUR";LU1681049109;500H;"Euronext Paris";EUR;85.7362;86.0292;84.7465;84.7465;"26/10/20 17:35";CET;8848;758135.3997
"AMUNDI ETF SP 500";LU1681048804;500;"Euronext Paris";EUR;53.6645;53.83;53.0942;53.0942;"26/10/20 17:35";CET;19679;1050494.9558
"AMUNDI ETF SP500 B";LU1681049018;500U;"Euronext Paris";USD;63.4898;63.5854;62.7531;62.7531;"26/10/20 17:35";CET;196932;564091.9581
"AMUNDI GLOBAL LUX";LU1681048630;GLUX;"Euronext Paris";EUR;142.5255;143.2406;141.0006;141.2869;"26/10/20 17:35";CET;265;37721.4711
"AMUNDI G LUX USD";LU1681048713;LUXU;"Euronext Paris";USD;168.6038;168.6038;166.8348;166.8348;"26/10/20 17:35";CET;34;5691.4334
"AMUNDI SMART CITY";LU2037748345;SCITY;"Euronext Paris";EUR;52.835;53.139;52.658;52.658;"26/10/20 17:35";CET;56;2975.784
"AMUNDI SMART FCTRY";LU2037749822;SFTRY;"Euronext Paris";EUR;62.743;62.743;62.152;62.152;"26/10/20 17:35";CET;15;939.75
"AMUNDI ETF STOX600";LU1681040223;C6E;"Euronext Paris";EUR;79.47;80.0528;78.963;78.963;"26/10/20 17:35";CET;60117;4834671.1565
"AMUNDI STOXX GL AI";LU1861132840;GOAI;"Euronext Paris";EUR;59.393;59.393;58.607;58.629;"26/10/20 17:35";CET;932;55158.261
"AMUNDI ETF USTR1-3";LU1681040819;US1;"Euronext Paris";USD;181.3784;181.3877;181.3784;181.3877;"26/10/20 17:35";CET;0;0.00
"AMUNDI ETF USTR3-7";LU1681040736;US3;"Euronext Paris";USD;233.5223;233.5783;233.5223;233.5783;"26/10/20 17:35";CET;0;0.00
"AMUNDI ETF UST7-10";LU1681040652;US7;"Euronext Paris";USD;302.0816;302.3959;301.6575;302.2425;"26/10/20 17:35";CET;94;28410.7577
"BNP BB EURO AGG EC";LU1481202692;JBEM;"Euronext Paris";EUR;11.0295;11.0295;10.998;10.9999;"26/10/20 17:35";CET;4548;50099.0198
"BNPP CAC 40";FR0010150458;E40;"Euronext Paris";EUR;7.995;8.026;7.91;7.91;"26/10/20 17:35";CET;305678;2462966.094
"BNPP CE LEADER ETF";LU1953136527;REUSE;"Euronext Paris";EUR;11.2787;11.2787;11.1669;11.1669;"26/10/20 17:35";CET;33;368.9928
"BNPP ESG BLUE ETF";LU2194447293;BLUE;"Euronext Paris";EUR;10.0978;10.0978;10.0326;10.0326;"26/10/20 17:35";CET;0;0.00
"BNPP Infra ESG ETF";LU1291109293;ENG;"Euronext Paris";EUR;56.515;56.515;56.325;56.325;"26/10/20 17:35";CET;0;0.00
"BNPP EMEHETF";LU1547516291;EMEH;"Euronext Paris";EUR;8.0442;8.0554;8.0442;8.0554;"26/10/20 17:35";CET;0;0.00
"BNPP EASY EQDEUETF";LU1615090864;EDEU;"Euronext Paris";EUR;77.05;77.05;76.45;76.45;"26/10/20 17:35";CET;0;0.00
"BNPP Low Vol EU";LU1377381717;EVOE;"Euronext Paris";EUR;125.60;126.18;124.90;124.90;"26/10/20 17:35";CET;144;18146.86
"BNPP EASY LWVOLEU";LU1481201025;VLED;"Euronext Paris";EUR;111.68;111.68;111.04;111.04;"26/10/20 17:35";CET;0;0.00
"BNPP Low Vol US";LU1377381980;EVOU;"Euronext Paris";EUR;138.60;139.06;137.34;137.34;"26/10/20 17:35";CET;242;33571.38
"BNPP EASYLWVOLUS D";LU1481201298;VLUD;"Euronext Paris";EUR;117.96;117.96;116.90;116.90;"26/10/20 17:35";CET;0;0.00
"BNPP Momentum EU";LU1377382012;EMOM;"Euronext Paris";EUR;116.92;117.16;116.34;116.34;"26/10/20 17:35";CET;2;234.32
"BNPP MOMENTUMD";LU1481201538;MOED;"Euronext Paris";EUR;102.00;102.00;101.52;101.52;"26/10/20 17:35";CET;0;0.00
"BNPP Quality EU";LU1377382103;EQUA;"Euronext Paris";EUR;118.82;119.02;118.02;118.02;"26/10/20 17:35";CET;85;10116.70
"BNPP EASYQUALITYD";LU1481201611;QUED;"Euronext Paris";EUR;104.42;104.42;103.68;103.68;"26/10/20 17:35";CET;0;0.00
"BNPP Value EU";LU1377382285;EVAE;"Euronext Paris";EUR;103.28;104.02;102.82;102.82;"26/10/20 17:35";CET;341;35178.26
"BNPP EASYVALUED";LU1481201702;VALD;"Euronext Paris";EUR;81.76;82.43;81.40;81.40;"26/10/20 17:35";CET;1091;89565.31
"BNPP CORP 1 3 ETF";LU2008760592;SRIC3;"Euronext Paris";EUR;10.0339;10.0339;10.0339;10.0339;"26/10/20 17:35";CET;0;0.00
"BNPP CORP 3 5 ETF";LU2008761053;SRIC5;"Euronext Paris";EUR;10.0606;10.0606;10.0606;10.0606;"26/10/20 17:35";CET;0;0.00
"BNPP  EUR BOND SRI";LU1859444769;SRIC;"Euronext Paris";EUR;10.8249;10.8249;10.8249;10.8249;"26/10/20 17:35";CET;0;0.00
"BNPP EUROSTOXX50 C";FR0012739431;ETDD;"Euronext Paris";EUR;8.718;8.819;8.676;8.676;"26/10/20 17:35";CET;2121;18512.521
"BNPP EURSTOX50 C/D";FR0012740983;ETBB;"Euronext Paris";EUR;7.759;7.759;7.67;7.67;"26/10/20 17:35";CET;65511;425746.60
"BNPP EU GREEN ETF";LU2008763935;GREAL;"Euronext Paris";EUR;8.4383;8.4808;8.3525;8.3525;"26/10/20 17:35";CET;942;7957.6284
"BNPP FTSE Dv ETF";LU1291091228;EEP;"Euronext Paris";EUR;8.586;8.586;8.524;8.524;"26/10/20 17:35";CET;0;0.00
"BNPP EASY EPREUETF";LU1859445063;EEEH;"Euronext Paris";EUR;8.741;8.741;8.741;8.741;"26/10/20 09:05";CET;0;0.00
"BNPP FTSE EUR ETFC";LU0950381748;EEA;"Euronext Paris";EUR;8.642;8.643;8.578;8.592;"26/10/20 17:35";CET;12012;103209.252
"BNPP FTSE EUR ETFD";LU0192223062;EEE;"Euronext Paris, Amsterdam";EUR;7.832;7.864;7.788;7.79;"26/10/20 17:35";CET;2862;22405.382
"BNPP EASY MLCETF";LU1481202775;ELQC;"Euronext Paris";EUR;10.0103;10.0185;9.9625;10.0027;"26/10/20 17:35";CET;10346;103357.7111
"BNPP EmMk ETF";LU1291097779;EEMK;"Euronext Paris";EUR;9.8238;9.8956;9.8236;9.8406;"26/10/20 17:35";CET;21237;209576.3915
"BNP MSCI EM SRI UC";LU1291098314;EMSR;"Euronext Paris";USD;128.89;129.41;128.65;128.96;"26/10/20 17:35";CET;1920;248080.40
"BNP MSCI EM SRI ED";LU1659681313;EISR;"Euronext Paris";EUR;94.59;94.80;94.40;94.40;"26/10/20 17:35";CET;641;60678.00
"BNP MSCI EM SRI EC";LU1659681230;EMIS;"Euronext Paris";EUR;11.023;11.0683;11.023;11.0319;"26/10/20 17:35";CET;1876;20704.4008
"BNPP EMU ETF";LU1291098827;EEMU;"Euronext Paris";EUR;9.391;9.391;9.316;9.316;"26/10/20 17:35";CET;17407;162418.879
"BNPP EMU SRI ETF";LU1953137681;MUSRI;"Euronext Paris";EUR;9.6902;9.6902;9.607;9.607;"26/10/20 17:35";CET;0;0.00
"BNPP EU ETF";LU1291099718;EEUE;"Euronext Paris";EUR;9.938;9.938;9.883;9.883;"26/10/20 17:35";CET;9;89.442
"BNPP EU xUK ETF";LU1291100664;EEXU;"Euronext Paris";EUR;149.48;149.48;148.70;148.70;"26/10/20 17:35";CET;0;0.00
"BNPP Small SRI ETF";LU1291101555;EESM;"Euronext Paris";EUR;232.548;235.025;230.859;230.859;"26/10/20 17:35";CET;588;136883.206
"BNP MSCI EU SRI ED";LU1753045415;SRIE;"Euronext Paris";EUR;21.9421;21.9657;21.74;21.74;"26/10/20 17:35";CET;124702;2781829.8627
"BNP MSCI EU SRI EC";LU1753045332;SRIEC;"Euronext Paris";EUR;22.484;22.495;22.30;22.303;"26/10/20 17:35";CET;129;2896.807
"BNPP JP ETF";LU1291102447;EJAP;"Euronext Paris";EUR;10.6016;10.6094;10.6016;10.6058;"26/10/20 17:35";CET;451;4783.2794
"BNPP EASY JPHETF";LU1481203070;EJAH;"Euronext Paris";EUR;9.6931;9.6988;9.6718;9.6718;"26/10/20 17:35";CET;8845;85739.2903
"BNP MSCI JP SRI ED";LU1753045928;SRIJ;"Euronext Paris";EUR;21.16;21.16;21.148;21.148;"26/10/20 17:35";CET;0;0.00
"BNP MSCI JP SRI EC";LU1753045845;SRIJC;"Euronext Paris";EUR;22.8593;22.8593;22.8458;22.8458;"26/10/20 17:35";CET;0;0.00
"BNPP NorthAm ETF";LU1291104575;ENAM;"Euronext Paris";EUR;13.2836;13.2961;13.1553;13.1553;"26/10/20 17:35";CET;27;358.9822
"BNPP Pac xJP ETF";LU1291106356;EPEJ;"Euronext Paris";EUR;9.77;9.81;9.76;9.76;"26/10/20 17:35";CET;18648;182785.89
"BNP MSCI US SRI UC";LU1291103338;EKLD;"Euronext Paris";USD;13.762;13.762;13.5771;13.5771;"26/10/20 17:35";CET;1700;23382.31
"BNP MSCI US SRI ED";LU1659681669;EKUS;"Euronext Paris";EUR;13.0731;13.0773;12.923;12.923;"26/10/20 17:35";CET;3020;39493.446
"BNP MSCI US SRI EC";LU1659681586;EKLDC;"Euronext Paris";EUR;13.0717;13.0717;12.9036;12.9036;"26/10/20 17:35";CET;3369;44015.2691
"BNP WORLD SRI UC";LU1291108642;EWRD;"Euronext Paris";USD;12.5019;12.5203;12.346;12.346;"26/10/20 17:35";CET;26226;326381.8473
"BNP WORLD SRI EC";LU1615092217;EMWE;"Euronext Paris";EUR;12.8766;12.8766;12.7268;12.7268;"26/10/20 17:35";CET;2200;28071.67
"BNPP SP500 EUR C";FR0011550185;ESE;"Euronext Paris";EUR;13.7299;13.7853;13.5942;13.5942;"26/10/20 17:35";CET;28295;387812.6564
"BNPP SP500 EURH C";FR0013041530;ESEH;"Euronext Paris";EUR;11.6173;11.6405;11.485;11.485;"26/10/20 17:35";CET;29065;335583.3516
"BNPP SP500 USD C";FR0011550177;ESD;"Euronext Paris";USD;12.9878;13.0041;12.8369;12.8369;"26/10/20 17:35";CET;18936;245921.3157
"BNPP SP500 USD CD";FR0011550680;ESDD;"Euronext Paris";USD;12.2457;12.2457;12.109;12.109;"26/10/20 17:35";CET;8170;99773.619
"BNPP GSCI ETF";LU1291109533;GSCU;"Euronext Paris";USD;8.8409;8.8962;8.8409;8.8604;"26/10/20 17:35";CET;1350;11992.5142
"BNPP Stoxx 600C";FR0011550193;ETZ;"Euronext Paris";EUR;10.194;10.194;10.026;10.026;"26/10/20 17:35";CET;27492;277588.96
"BNPP Stoxx 600CD";FR0011550672;ETZD;"Euronext Paris";EUR;9.40;9.459;9.383;9.383;"26/10/20 17:35";CET;5771;54339.801
"BNPP EASY LOWCARB";LU1377382368;ECN;"Euronext Paris";EUR;170.24;171.12;168.78;168.78;"26/10/20 17:35";CET;883;150417.58
"BNPP MUTB JAPAN";LU1547514676;ISTM;"Euronext Paris";EUR;120.68;120.70;117.61;120.51;"26/10/20 17:35";CET;150;18068.28
"CBK CCBI MM EUR";GB00BVJF7F66;CCME;"Euronext Paris";EUR;8.73;8.73;8.73;8.73;"30/12/19 09:05";CET;0;-
"CBK CCBI MM CNY";GB00BVJF7G73;CCMR;"Euronext Paris";CNY;102.8325;102.8325;102.8325;102.8325;"30/12/19 09:05";CET;0;-
"CS BUND FUT SH ETF";LU0530119774;BUNS;"Euronext Paris";EUR;50.41;50.475;50.41;50.475;"26/10/20 17:35";CET;0;0.00
"Comstage Gold BUGS";LU0488317701;GLDM;"Euronext Paris";EUR;27.485;27.485;26.995;27.17;"26/10/20 17:35";CET;9048;245760.78
"FIRST TRUST GLOBAL";IE00BYTH6121;FGBL;"Euronext Paris";EUR;37.275;37.275;37.165;37.165;"26/10/20 17:35";CET;0;0.00
"FIRST TRUST JAPAN";IE00BWTNM743;FJP;"Euronext Paris";JPY;2339.50;2339.50;2335.50;2335.50;"26/10/20 17:35";CET;0;0.00
"FIRST TRUST IPO";IE00BYTH6238;FPXU;"Euronext Paris";USD;38.15;38.15;37.675;37.675;"26/10/20 17:35";CET;5;189.15
"HSBC APACXJ SU ETF";IE00BKY58G26;HSXD;"Euronext Paris";EUR;12.56;12.59;12.56;12.59;"26/10/20 17:35";CET;0;0.00
"HSBC DW SUS ETF";IE00BKY59K37;HSWD;"Euronext Paris";EUR;13.06;13.07;12.96;12.96;"26/10/20 17:35";CET;458;5986.06
"HSBC EM SUS ETF";IE00BKY59G90;HSEM;"Euronext Paris";EUR;11.54;11.58;11.54;11.58;"26/10/20 17:35";CET;0;0.00
"HSBC EUROSTX50 ETF";IE00B4K6B022;50E;"Euronext Paris";EUR;32.785;32.79;32.44;32.44;"26/10/20 17:35";CET;1017;33254.755
"HSBC EU Sus ETF";IE00BKY55W78;HSEU;"Euronext Paris";EUR;10.814;10.854;10.78;10.78;"26/10/20 17:35";CET;550;5969.70
"HSBC FTSE 100 ETF";IE00B42TW061;UKX;"Euronext Paris";EUR;63.56;64.45;63.56;63.65;"26/10/20 17:35";CET;11209;719783.49
"HSBC FTSE 250";IE00B64PTF05;HMCX;"Euronext Paris";EUR;18.682;18.682;18.62;18.62;"26/10/20 17:35";CET;0;0.00
"HSBC JP Sus ETF";IE00BKY55S33;HSJD;"Euronext Paris";EUR;11.056;11.058;11.056;11.058;"26/10/20 17:35";CET;0;0.00
"HSBC MSCI BRAZIL";IE00B5W34K94;HBZ;"Euronext Paris";EUR;12.01;12.158;12.01;12.158;"26/10/20 17:35";CET;0;0.00
"HSBC MSCI CANADA";IE00B51B7Z02;HCAN;"Euronext Paris";EUR;14.16;14.16;14.012;14.012;"26/10/20 17:35";CET;210;2973.60
"HSBC MSCI CHINA";IE00B44T3H88;CNY;"Euronext Paris";EUR;8.78;8.845;8.75;8.774;"26/10/20 17:35";CET;187025;1643598.343
"HSBC MSCI EM FE";IE00B5LP3W10;MEM;"Euronext Paris";EUR;46.525;46.608;46.525;46.608;"26/10/20 17:35";CET;0;0.00
"HSBC MSCI EM LATAM";IE00B4TS3815;HMLA;"Euronext Paris";EUR;16.198;16.324;16.198;16.324;"26/10/20 17:35";CET;0;0.00
"HSBC MSCI EUR ETF";IE00B5BD5K76;HEU;"Euronext Paris";EUR;12.037;12.053;11.994;11.994;"26/10/20 17:35";CET;312;3744.636
"HSBC MSCIJAPAN ETF";IE00B5VX7566;MJP;"Euronext Paris";EUR;28.85;28.85;28.69;28.69;"26/10/20 17:35";CET;7;201.23
"HSBC MSCI PACxJAP";IE00B5SG8Z57;MXJ;"Euronext Paris";EUR;10.59;10.59;10.574;10.574;"26/10/20 17:35";CET;0;0.00
"HSBC MSCI SA Cap";IE00B57S5Q22;HZAR;"Euronext Paris";EUR;32.92;33.27;32.92;33.07;"26/10/20 17:35";CET;2000;66530.00
"HSBC MSCI USA ETF";IE00B5WFQ436;MUS;"Euronext Paris";EUR;28.275;28.275;27.985;27.985;"26/10/20 17:35";CET;2208;61901.28
"HSBC MSCI WORLD";IE00B4X9L533;WRD;"Euronext Paris";EUR;20.325;20.376;20.129;20.129;"26/10/20 17:35";CET;6106;123952.979
"HSBC SP 500 ETF";IE00B5KQNG97;HHH;"Euronext Paris";EUR;29.198;29.265;28.891;28.891;"26/10/20 17:35";CET;10930;317612.27
"HSBC MSCI TURKEY";IE00B5BRQB73;HTR;"Euronext Paris";EUR;1.4076;1.41;1.3765;1.3765;"26/10/20 17:35";CET;4000;5640.00
"HSBC US Sus ETF";IE00BKY40J65;HSUD;"Euronext Paris";EUR;15.322;15.322;15.152;15.152;"26/10/20 17:35";CET;391;5924.432
"IQ EUR CORP SRI";LU1603790731;IQEC;"Euronext Paris, Amsterdam";EUR;25.36;25.36;25.345;25.345;"26/10/20 17:35";CET;0;0.00
"IQ EMU SRI";LU1603797074;IQMU;"Euronext Paris, Amsterdam";EUR;23.19;23.19;23.17;23.17;"26/10/20 17:35";CET;0;0.00
"IQ EUROPE SRI";LU1603795458;IQEE;"Euronext Paris, Amsterdam";EUR;24.49;24.49;24.40;24.40;"26/10/20 17:35";CET;1457;35550.80
"IQ JAPAN SRI";LU1603797587;IQJP;"Euronext Paris, Amsterdam";EUR;26.475;26.475;26.425;26.425;"26/10/20 17:35";CET;3511;92778.175
"IQ EUR SOV SRI";LU1603795292;IQEG;"Euronext Paris, Amsterdam";EUR;27.155;27.155;27.12;27.12;"26/10/20 17:35";CET;0;0.00
"IVZ EQQQ";IE0032077012;EQQQ;"Euronext Paris";EUR;239.50;241.85;237.50;237.50;"26/10/20 17:35";CET;5535;1327709.15
"IVZ EUR STOXX HDLV";IE00BZ4BMM98;EUHD;"Euronext Paris";EUR;20.145;20.145;20.04;20.04;"26/10/20 17:35";CET;147;2956.905
"IVZ EURMTS CASH 3M";IE00B3BPCH51;PEU;"Euronext Paris";EUR;100.41;100.41;100.41;100.41;"26/10/20 17:35";CET;0;0.00
"IVZ FTSE EM HDLV";IE00BYYXBF44;EMHD;"Euronext Paris";EUR;19.832;19.832;19.832;19.832;"26/10/20 17:35";CET;0;0.00
"IVZ All World 3000";IE00B23LNQ02;PSRW;"Euronext Paris";EUR;15.736;15.796;15.64;15.64;"26/10/20 17:35";CET;772;12189.88
"IVZ FTSE RAFI EM";IE00B23D9570;PEH;"Euronext Paris";EUR;6.48;6.50;6.48;6.50;"26/10/20 17:35";CET;60;388.80
"IVZ FTSE RAFI EURO";IE00B23D8X81;PEF;"Euronext Paris";EUR;7.469;7.469;7.444;7.444;"26/10/20 17:35";CET;0;0.00
"IVZ FTSE RAFI US";IE00B23D8S39;PFT;"Euronext Paris";EUR;16.498;16.498;16.302;16.302;"26/10/20 17:35";CET;0;0.00
"IVZ Gbl Buyback";IE00BLSNMW37;BUYB;"Euronext Paris";EUR;30.03;30.03;29.835;29.835;"26/10/20 17:35";CET;0;0.00
"IVZ SP500 HDLV";IE00BWTN6Y99;HDLV;"Euronext Paris";EUR;21.985;22.02;21.695;21.695;"26/10/20 17:35";CET;16740;368183.835
"IVZ SP500 QVM";IE00BDZCKK11;PQVM;"Euronext Paris";EUR;28.98;28.98;28.68;28.68;"26/10/20 17:35";CET;0;0.00
"IVZ US HYFA";IE00BD0Q9673;HYFA;"Euronext Paris";EUR;20.257;20.257;20.257;20.257;"26/10/20 17:35";CET;0;0.00
"L&G E Fund China A";IE00BHBFDF83;CASH;"Euronext Amsterdam, Paris";EUR;16.00;16.00;15.81;15.812;"26/10/20 17:35";CET;746;11828.652
"LYXOR ETF AUSTRALI";LU0496786905;AU2;"Euronext Paris";EUR;38.16;38.16;38.017;38.017;"26/10/20 17:35";CET;0;0.00
"LYXOR BAR FLOT 07Y";LU1829218319;FLOT;"Euronext Paris";EUR;100.448;100.544;100.448;100.544;"26/10/20 17:35";CET;182;18290.036
"LYXOR BFAML USD HY";LU1435356149;USHY;"Euronext Paris";EUR;85.76;85.88;85.61;85.88;"26/10/20 17:35";CET;128;10976.62
"LYXOR BOFA H YIELD";LU1812090543;YIEL;"Euronext Paris";EUR;107.949;107.963;107.906;107.906;"26/10/20 17:35";CET;185;19968.611
"LYXOR BONO 10Y MTS";LU1812090899;ES10;"Euronext Paris";EUR;181.235;181.235;180.62;180.62;"26/10/20 17:35";CET;0;0.00
"LYXOR ETF BUND DDS";FR0010869578;DSB;"Euronext Paris";EUR;26.455;26.59;26.455;26.526;"26/10/20 17:35";CET;927;24598.837
"LYXOR CAC40 ACC";FR0013380607;CACC;"Euronext Paris";EUR;20.832;21.032;20.729;20.729;"26/10/20 17:35";CET;3308;68521.144
"LYXOR ETF CAC 40";FR0007052782;CAC;"Euronext Paris";EUR;47.81;48.30;47.51;47.54;"26/10/20 17:35";CET;179545;8604415.46
"LYXOR ETF BX4";FR0010411884;BX4;"Euronext Paris";EUR;3.142;3.181;3.0815;3.179;"26/10/20 17:35";CET;5281239;16131502.4625
"LYXOR ETF CAC MID";FR0011041334;CACM;"Euronext Paris";EUR;162.34;162.88;161.30;161.36;"26/10/20 17:35";CET;46;7448.40
"LYXOR CHINA ENTP";LU1900068914;ASI;"Euronext Paris";EUR;133.26;133.919;133.131;133.594;"26/10/20 17:35";CET;579;77216.866
"LYXOR CMD CRB EX";LU1829218582;CRN;"Euronext Paris";EUR;16.25;16.25;16.16;16.175;"26/10/20 17:35";CET;24630;398118.12
"LYXOR COMMO CRB";LU1829218749;CRB;"Euronext Paris";EUR;11.994;11.994;11.932;11.975;"26/10/20 17:35";CET;840;10046.53
"LYXOR COR STOX300";LU0908501058;MFED;"Euronext Paris";EUR;169.42;169.62;166.96;166.96;"26/10/20 17:35";CET;8980;1519042.02
"LYXOR COR STOX300D";LU0908501132;MFDD;"Euronext Paris";EUR;133.42;133.42;131.14;131.14;"26/10/20 17:35";CET;54;7162.14
"LYXOR COR STOX50";LU0908501215;MSED;"Euronext Paris";EUR;155.36;156.04;153.80;153.80;"26/10/20 17:35";CET;115;17861.24
"Lyxor Core GILTS";LU1407892592;GILS;"Euronext Paris";EUR;164.90;165.00;164.64;164.64;"26/10/20 17:35";CET;10;1650.00
"LYXOR UK GILT INF";LU1407893301;GILI;"Euronext Paris";EUR;233.91;234.00;233.91;234.00;"26/10/20 13:40";CET;5;1170.00
"LYXOR Core EMU ACC";LU1646361276;MFEC;"Euronext Paris";EUR;8.49;8.49;8.49;8.49;"26/10/20 17:35";CET;0;0.00
"Lyxor Core EMU";LU1646360971;MFE;"Euronext Paris";EUR;43.255;43.58;43.00;43.00;"26/10/20 17:35";CET;714;30989.96
"LYXOR CORE WORLD";LU1781541179;LCWD;"Euronext Paris";EUR;10.1131;10.1131;10.0283;10.0283;"26/10/20 17:35";CET;1102;11139.1423
"LYXOR COR STOX600";LU0908500753;MEUD;"Euronext Paris";EUR;149.53;150.69;148.57;148.57;"26/10/20 17:35";CET;2506;374958.21
"LYXOR UST 1-3Y";LU1407887162;US13;"Euronext Paris";EUR;86.93;87.08;86.93;87.02;"26/10/20 17:35";CET;235;20463.80
"LYXOR UST 10+";LU1407890620;US10;"Euronext Paris";USD;173.931;174.92;173.931;174.80;"26/10/20 17:35";CET;179;31278.222
"LYXOR TREAS 3 7Y";LU1407888996;US37;"Euronext Paris";EUR;103.40;103.40;103.40;103.40;"20/10/20 09:05";CET;0;0.00
"LYXOR ETF T B 10Y";FR0011607084;DSUS;"Euronext Paris";EUR;56.34;56.40;56.33;56.33;"26/10/20 17:35";CET;143;8063.40
"LYXOR ETF BTP DDS";FR0011023621;BTPS;"Euronext Paris";EUR;15.238;15.346;15.238;15.346;"26/10/20 17:35";CET;80;1219.04
"LYXOR ETF LEVDAX";LU0252634307;LVD;"Euronext Paris";EUR;88.07;89.00;85.71;85.88;"26/10/20 17:35";CET;19061;1646946.21
"LYXOR ETF LEV CAC";FR0010592014;LVC;"Euronext Paris";EUR;15.14;15.44;14.94;14.944;"26/10/20 17:35";CET;947326;13784380.528
"LYXOR ETF BTP DL";FR0011023639;BTPL;"Euronext Paris";EUR;401.46;401.46;398.48;398.48;"26/10/20 17:35";CET;848;340334.10
"LYXOR ETF BUND DL";FR0011023654;DLB;"Euronext Paris";EUR;292.39;292.39;291.21;291.61;"26/10/20 17:35";CET;2;582.42
"LYXOR ETF SHT CAC";FR0010591362;SHC;"Euronext Paris";EUR;18.908;19.018;18.742;19.018;"26/10/20 17:35";CET;30811;583669.944
"LYXOR ETF DAX DS2";FR0010869495;DSD;"Euronext Paris";EUR;2.555;2.62;2.536;2.618;"26/10/20 17:35";CET;286966;704354.496
"LYXOR ETF DAX";LU0252633754;DAX;"Euronext Paris";EUR;115.80;116.52;114.40;114.44;"26/10/20 17:35";CET;10711;1209260.38
"LYXOR ETF DJIA";FR0007056841;DJE;"Euronext Paris";EUR;237.15;237.80;233.40;233.40;"26/10/20 17:35";CET;2004;469923.50
"LYXOR 210 INFBRKEV";LU1390062245;INFL;"Euronext Paris";EUR;93.14;93.43;93.14;93.36;"26/10/20 17:35";CET;2436;227344.38
"LYXOR EU CRP EXFIN";LU1829218822;CNB;"Euronext Paris";EUR;141.507;141.59;141.242;141.244;"26/10/20 17:35";CET;84;11881.738
"LYXOR EUR CRP BOND";LU1829219127;CRP;"Euronext Paris";EUR;156.061;156.061;155.701;156.054;"26/10/20 17:35";CET;2108;328564.99
"LYXOR EUR GOV BOND";LU1650490474;MTX;"Euronext Paris";EUR;198.12;198.12;197.58;197.70;"26/10/20 17:35";CET;460;90947.88
"LYXOR EUROGOV 13Y";LU1650487413;MTA;"Euronext Paris";EUR;124.87;124.90;124.83;124.88;"26/10/20 17:35";CET;133;16606.34
"LYXOR EUR GOV 1015";LU1650489385;MTE;"Euronext Paris";EUR;248.01;248.01;247.31;247.31;"26/10/20 17:35";CET;278;68818.08
"LYXOR EUROGOV 35Y";LU1650488494;MTB;"Euronext Paris";EUR;155.87;155.91;155.68;155.73;"26/10/20 17:35";CET;220;34268.04
"LYXOR EUR GOV 57";LU1287023003;MTC;"Euronext Paris";EUR;171.08;171.08;170.85;170.85;"26/10/20 17:35";CET;4;684.04
"LYXOR EUR GOV 710";LU1287023185;MTD;"Euronext Paris";EUR;192.94;192.94;192.43;192.50;"26/10/20 17:35";CET;139;26767.48
"LYXOR EUR GOV INFL";LU1650491282;MTI;"Euronext Paris";EUR;160.33;160.43;159.74;159.90;"26/10/20 17:35";CET;675;108227.42
"LYXOR ETF EUR CASH";FR0010510800;CSH;"Euronext Paris";EUR;104.133;104.14;104.129;104.14;"26/10/20 17:35";CET;2327;242330.11
"LYXOR ETF ESTOXX50";FR0007054358;MSE;"Euronext Paris";EUR;30.49;30.69;30.20;30.20;"26/10/20 17:35";CET;174799;5050621.355
"LYXOR ETF SX50 DDS";FR0010424143;BXX;"Euronext Paris";EUR;2.971;3.025;2.947;3.0205;"26/10/20 17:35";CET;508728;1512746.2015
"LYXOR ETF SX50 DL";FR0010468983;LVE;"Euronext Paris";EUR;21.005;21.24;20.52;20.575;"26/10/20 17:35";CET;69708;1432823.455
"LYXOR EUR STXX BNK";LU1829219390;BNKE;"Euronext Paris";EUR;52.771;54.232;52.771;53.47;"26/10/20 17:35";CET;21944;1176020.532
"LYXOR ETF SX50 DS";FR0010424135;BSX;"Euronext Paris";EUR;15.708;15.848;15.588;15.844;"26/10/20 17:35";CET;187648;2953397.116
"LYXOR 1-3Y BTP";LU1598691050;MI13;"Euronext Paris";EUR;111.21;111.21;111.15;111.15;"26/10/20 17:35";CET;0;0.00
"LYXOR EMTS 10Y BTP";LU1598691217;MI10;"Euronext Paris";EUR;163.83;163.83;163.19;163.19;"26/10/20 17:35";CET;52;8507.48
"LYXOR EUROMTS 15PY";LU1287023268;MTF;"Euronext Paris";EUR;287.25;287.25;285.74;285.74;"26/10/20 17:35";CET;214;61148.36
"LYXOR MTS COV BOND";LU1686830065;ECB;"Euronext Paris";EUR;138.699;138.699;138.659;138.659;"26/10/20 17:35";CET;0;0.00
"LYXOR EMTS HR MW G";LU1287023342;MAA;"Euronext Paris";EUR;154.38;154.38;154.12;154.12;"26/10/20 17:35";CET;10;1541.20
"LYXOR EMTS BD 13Y";LU1829219556;MA13;"Euronext Paris";EUR;100.86;100.86;100.681;100.681;"26/10/20 17:35";CET;50;5043.00
"LYXOR EMTS BD 35Y";LU1829219713;MA35;"Euronext Paris";EUR;113.07;113.07;112.99;113.013;"26/10/20 17:35";CET;985;111295.195
"LYXOR EMTS BD 57Y";LU1829219986;MA57;"Euronext Paris";EUR;127.555;127.555;127.452;127.452;"26/10/20 17:35";CET;0;0.00
"LYXOR FTSE 100";LU1650492173;L100;"Euronext Paris";EUR;9.572;9.683;9.553;9.553;"26/10/20 17:35";CET;9844;94740.306
"LYXOR FTSE 100 MH";LU1650492330;100H;"Euronext Paris";EUR;98.34;99.02;98.20;98.20;"26/10/20 17:35";CET;1920;189885.90
"LYXOR EPRA G DEV";LU1832418773;MWO;"Euronext Paris";EUR;35.64;35.64;35.295;35.295;"26/10/20 17:35";CET;4603;163849.262
"LYXOR EP NA US";LU1832418856;MUA;"Euronext Paris";EUR;37.069;37.069;37.069;37.069;"26/10/20 17:35";CET;0;0.00
"LYXOR FTSE EU MVR";LU1237527160;MVAE;"Euronext Paris";EUR;112.26;112.26;111.76;111.76;"26/10/20 17:35";CET;0;0.00
"LYXOR ETF FTSE MIB";FR0010010827;MIB;"Euronext Paris";EUR;18.336;18.40;18.294;18.294;"26/10/20 17:35";CET;495;9107.60
"LYXOR USA MIN VAR";LU1646362167;MVAU;"Euronext Paris";EUR;125.65;125.65;124.51;124.51;"26/10/20 17:35";CET;2700;338250.00
"LYXOR GENDER EQUAL";LU1691909508;ELLE;"Euronext Paris";EUR;9.54;9.54;9.353;9.353;"26/10/20 17:35";CET;1138;10785.308
"LYXOR GREEN BOND";LU1563454310;CLIM;"Euronext Paris";EUR;55.96;55.96;55.352;55.495;"26/10/20 17:35";CET;9966;552606.608
"LYXOR HK HSI";LU1900067940;HSI;"Euronext Paris";EUR;25.102;25.238;25.102;25.11;"26/10/20 17:35";CET;10904;274754.869
"LYXOR Hwabao Chin";FR0011720911;CNAA;"Euronext Paris";EUR;152.91;153.31;152.32;152.32;"26/10/20 17:35";CET;1011;154682.03
"LYXOR IBOXX LIQ EM";LU1686830909;LEMB;"Euronext Paris";USD;95.548;95.588;95.548;95.588;"26/10/20 17:35";CET;0;0.00
"LYXOR HIGH YLD BB";LU1215415214;HYBB;"Euronext Paris";EUR;114.48;114.87;114.48;114.56;"26/10/20 17:35";CET;10531;1207668.33
"LYXOR LIQU CORP LD";LU1407891602;COUK;"Euronext Paris";EUR;174.04;174.04;174.01;174.01;"26/10/20 17:35";CET;0;0.00
"LYXOR STOXX 600 RE";LU1812091194;MEH;"Euronext Paris";EUR;36.971;36.98;36.685;36.685;"26/10/20 17:35";CET;327;12078.96
"LYXOR INV US 10 IE";LU1879532940;UINE;"Euronext Paris";EUR;89.40;89.735;89.372;89.735;"26/10/20 17:35";CET;184;16446.534
"LYXOR ETF TOPIX";FR0010245514;JPN;"Euronext Paris";EUR;125.55;125.68;125.41;125.46;"26/10/20 17:35";CET;857;107682.00
"LYXOR ETF TOPIX DH";FR0011475078;JPNH;"Euronext Paris";EUR;124.36;124.36;124.12;124.12;"26/10/20 17:35";CET;1;124.30
"LYXOR JPX 400";LU1646359452;JPX4;"Euronext Paris";EUR;151.88;151.93;151.70;151.72;"26/10/20 17:35";CET;312;47360.41
"LYXOR JPX 400 DH";LU1646359965;JPXH;"Euronext Paris";EUR;121.48;121.70;121.24;121.24;"26/10/20 17:35";CET;862;104785.04
"LYXOR ASIA EX JPN";LU1900068161;APX;"Euronext Paris";EUR;116.85;117.028;116.85;117.028;"26/10/20 17:35";CET;848;99178.691
"LYXOR ASI PA EX JP";LU1900068328;AEJ;"Euronext Paris";EUR;58.22;58.554;58.137;58.24;"26/10/20 17:35";CET;1974;115121.607
"LYXOR ALL CNTY WLD";LU1829220216;ACWI;"Euronext Paris";EUR;275.10;275.70;273.175;273.175;"26/10/20 17:35";CET;7;1923.66
"LYXOR MSCI BRAZIL";LU1900066207;RIO;"Euronext Paris";EUR;13.111;13.306;13.111;13.278;"26/10/20 17:35";CET;1148;15205.831
"LYXOR ETF CANADA";LU0496786731;TSX;"Euronext Paris";EUR;58.29;58.29;58.01;58.01;"26/10/20 17:35";CET;0;0.00
"LYXOR DIG ECO";LU2023678878;EBUY;"Euronext Paris";EUR;11.11;11.11;10.864;10.952;"26/10/20 17:35";CET;1325;14534.746
"LYXOR DISRUP TECH";LU2023678282;UNIC;"Euronext Paris";EUR;11.18;11.18;10.992;10.992;"26/10/20 17:35";CET;1399;15496.572
"LYXOR ETF EASTERN";LU1900066462;CEC;"Euronext Paris";EUR;13.88;13.88;13.752;13.752;"26/10/20 17:35";CET;21060;291241.642
"LYXOR EM CLIMATE";LU2056738144;CLEM;"Euronext Paris";EUR;21.43;21.46;21.43;21.43;"26/10/20 17:35";CET;8;171.68
"LYXOR ETF LATAM";LU1900066629;LTM;"Euronext Paris";EUR;19.258;19.452;19.258;19.437;"26/10/20 17:35";CET;70;1356.495
"LYXOR ETF MSCI EM";FR0010429068;LEM;"Euronext Paris";EUR;10.90;10.931;10.866;10.88;"26/10/20 17:35";CET;43136;470131.208
"LYXOR EMU GROWTH";LU1598688189;GWT;"Euronext Paris";EUR;136.34;137.10;134.76;134.76;"26/10/20 17:35";CET;108;14756.92
"LYXOR SMALL CAP";LU1598689153;MMS;"Euronext Paris";EUR;265.53;265.90;262.38;262.38;"26/10/20 17:35";CET;447;117911.99
"LYXOR EMU VALUE";LU1598690169;VAL;"Euronext Paris";EUR;87.49;88.51;87.21;87.21;"26/10/20 17:35";CET;840;73769.19
"LYXOR EUR CLIMATE";LU2056738490;CLEU;"Euronext Paris";EUR;23.415;23.425;23.335;23.335;"26/10/20 17:35";CET;200;4685.00
"LYXOR EUR ESG LEAD";LU1940199711;ESGE;"Euronext Paris";EUR;21.64;21.753;21.501;21.501;"26/10/20 17:35";CET;2264;49114.989
"LYXOR ETF MSCI EUR";FR0010261198;MEU;"Euronext Paris";EUR;116.48;117.61;116.05;116.05;"26/10/20 17:35";CET;573;66856.60
"LYXOR FUTUR MOB";LU2023679090;ELCR;"Euronext Paris";EUR;11.808;11.892;11.626;11.626;"26/10/20 17:35";CET;1566;18458.414
"LYXOR MSCI GREECE";FR0010405431;GRE;"Euronext Paris";EUR;0.655;0.6646;0.655;0.657;"26/10/20 17:29";CET;688008;453894.4423
"LYXOR ETF INDIA";FR0010361683;INR;"Euronext Paris";EUR;15.754;15.754;15.655;15.677;"26/10/20 17:35";CET;46201;724695.026
"LYXOR ETF MSCI IND";LU1900065811;INDO;"Euronext Paris";EUR;94.351;95.345;94.351;95.345;"26/10/20 17:35";CET;85;8023.08
"LYXOR MSCI Korea";LU1900066975;KRW;"Euronext Paris";EUR;57.925;58.105;57.925;58.058;"26/10/20 17:35";CET;944;54776.933
"LYXOR ETF MALAYSIA";LU1901001542;MAL;"Euronext Paris";EUR;12.528;12.629;12.528;12.629;"26/10/20 17:35";CET;0;0.00
"LYXOR MILLENNIALS";LU2023678449;MILL;"Euronext Paris";EUR;11.478;11.582;11.372;11.372;"26/10/20 17:35";CET;160;1838.792
"LYXOR MSCI PAC X J";LU1220245556;PAXJ;"Euronext Paris";EUR;76.89;76.89;76.76;76.76;"26/10/20 17:35";CET;26;1995.76
"LYXOR ETF RUSSIA";LU1923627092;RUS;"Euronext Paris";EUR;31.302;31.504;31.202;31.202;"26/10/20 17:35";CET;942;29617.45
"LYXOR SMART CITY";LU2023679256;IQCT;"Euronext Paris";EUR;9.471;9.475;9.368;9.368;"26/10/20 17:35";CET;60;568.30
"LYXOR MSCI SOUTH A";LU1900067270;AFS;"Euronext Paris";EUR;26.922;27.063;26.922;27.063;"26/10/20 17:35";CET;0;0.00
"LYXOR MSCI Taiwan";LU1900066033;TWN;"Euronext Paris";EUR;18.11;18.11;18.031;18.031;"26/10/20 17:35";CET;0;0.00
"LYXOR ETF THAILAND";LU1900067437;THA;"Euronext Paris";EUR;141.17;143.44;141.17;142.26;"26/10/20 17:35";CET;22;3135.48
"LYXOR TURKEY PEA";FR0011869395;ETUR;"Euronext Paris";EUR;4.23;4.23;4.05;4.05;"26/10/20 17:35";CET;2758;11318.216
"LYXOR MSCI TURKEY";LU1900067601;TUR;"Euronext Paris";EUR;19.191;19.25;18.731;18.731;"26/10/20 17:35";CET;5492;103966.431
"LYXOR USA CLIMATE";LU2055175025;CLUS;"Euronext Paris";EUR;22.27;22.45;22.05;22.05;"26/10/20 17:35";CET;355;7948.94
"LYXOR ETF USAC";FR0011363423;USAC;"Euronext Paris";EUR;296.07;296.07;290.79;290.79;"26/10/20 17:35";CET;33;9716.91
"LYXOR ETF MSCI USA";FR0010296061;USA;"Euronext Paris";EUR;284.00;284.68;280.87;280.87;"26/10/20 17:35";CET;180;50923.99
"LYXOR WLD CLIMATE";LU2056739464;CLWD;"Euronext Paris";EUR;23.087;23.087;22.915;22.915;"26/10/20 17:35";CET;10;230.67
"LYXOR ETF MSC WCD";LU0533032008;CODW;"Euronext Paris";EUR;361.11;361.15;360.71;360.71;"26/10/20 17:35";CET;8;2886.52
"LYXOR ETF MSC WCS";LU0533032263;COSW;"Euronext Paris";EUR;320.40;320.40;316.17;316.64;"26/10/20 17:35";CET;49;15525.94
"LYXOR ETF MSC WNRJ";LU0533032420;NRGW;"Euronext Paris";EUR;140.00;140.00;137.10;137.10;"26/10/20 17:35";CET;1272;176615.98
"LYXOR ETF MSC WHC";LU0533033238;HLTW;"Euronext Paris";EUR;332.00;333.12;329.61;329.61;"26/10/20 17:35";CET;330;109420.18
"LYXOR ETF MSC WIND";LU0533033402;INDW;"Euronext Paris";EUR;320.00;320.00;313.86;313.86;"26/10/20 17:35";CET;30;9600.00
"LYXOR ETF MSC WTEC";LU0533033667;TNOW;"Euronext Paris";EUR;380.44;382.50;375.28;375.28;"26/10/20 17:35";CET;669;253864.70
"LYXOR ETF MSC WMAT";LU0533033824;MATW;"Euronext Paris";EUR;351.07;351.07;351.07;351.07;"26/10/20 17:35";CET;55;19308.85
"LYXOR ETF MSCI WCS";LU0533034129;TELW;"Euronext Paris";EUR;130.00;130.00;129.76;129.76;"26/10/20 17:35";CET;66;8575.20
"LYXOR ETF MSCI WOR";FR0010315770;WLD;"Euronext Paris";EUR;201.55;202.13;199.79;199.79;"26/10/20 17:35";CET;2510;505353.39
"LYXOR ETF MSCI WDH";FR0011660927;WLDH;"Euronext Paris";EUR;137.22;137.56;136.06;136.06;"26/10/20 17:35";CET;117;15975.50
"LYXOR ETF MSCI WUT";LU0533034558;UTLW;"Euronext Paris";EUR;236.42;236.42;235.27;235.92;"26/10/20 17:35";CET;138;32522.55
"Lyxor ETF NSDQ LEV";FR0010342592;LQQ;"Euronext Paris";EUR;471.10;482.85;462.15;462.15;"26/10/20 17:35";CET;18403;8641844.85
"LYXOR NASDAQ 100";LU1829221024;UST;"Euronext Paris";EUR;38.625;39.088;38.321;38.321;"26/10/20 17:35";CET;17748;681187.514
"LYXOR ETF NEW ENER";FR0010524777;NRJ;"Euronext Paris";EUR;35.801;36.017;35.238;35.349;"26/10/20 17:35";CET;30091;1070880.062
"LYXOR PAN AFRICA";LU1287022708;PAF;"Euronext Paris";EUR;8.131;8.17;8.13;8.17;"26/10/20 17:35";CET;4505;36626.279
"LYXOR PEA MSCI EUR";FR0013400256;PMEU;"Euronext Paris";EUR;9.318;9.318;9.29;9.29;"26/10/20 17:35";CET;0;0.00
"LYXOR PEA OBLI";FR0013346681;OBLI;"Euronext Paris";EUR;11.098;11.12;11.094;11.102;"26/10/20 17:35";CET;2392;26556.928
"LYXOR ETF PEAPME";FR0011770775;PEAP;"Euronext Paris";EUR;8.50;8.54;8.29;8.305;"26/10/20 17:35";CET;5725;48048.80
"LYXOR PEA SP5H EUR";FR0011871136;PSPH;"Euronext Paris";EUR;12.691;12.709;12.546;12.546;"26/10/20 17:35";CET;1381;17395.903
"LYXOR PRIVEX";LU1812091947;PVX;"Euronext Paris";EUR;7.969;7.969;7.939;7.939;"26/10/20 17:35";CET;142;1127.698
"LYXOR ROBOTICS AI";LU1838002480;ROAI;"Euronext Paris";EUR;25.245;25.325;24.821;24.821;"26/10/20 17:35";CET;133;3341.74
"LYXOR 2XSHRT SP500";LU1327051279;DSP5;"Euronext Paris";EUR;16.104;16.451;15.982;16.451;"26/10/20 17:35";CET;67971;1100583.182
"LYXOR SP500 C";LU1135865084;SP5C;"Euronext Paris";EUR;194.64;195.31;192.76;192.76;"26/10/20 17:35";CET;2089;405929.75
"LYXOR ETF SP5 DH";LU0959211243;SP5H;"Euronext Paris";EUR;185.82;186.48;183.78;183.78;"26/10/20 17:35";CET;3184;588141.12
"LYXOR ETF SP500";LU0496786574;SP5;"Euronext Paris";EUR;29.623;29.761;29.336;29.336;"26/10/20 17:35";CET;416250;12198460.794
"Lyxor EUROPE PAB";LU2198884491;RPAB;"Euronext Paris";EUR;19.318;19.318;19.252;19.252;"26/10/20 17:35";CET;0;0.00
"Lyxor EU PAB";LU2195226068;EPAB;"Euronext Paris";EUR;19.55;19.55;19.34;19.34;"26/10/20 17:35";CET;198;3869.52
"LYXOR ETF SGQE";LU0959210278;SGQE;"Euronext Paris";EUR;96.52;96.52;96.07;96.07;"26/10/20 17:35";CET;62;5964.40
"LYXOR ETF SGQI EUR";LU0832436512;SGQI;"Euronext Paris";EUR;102.88;102.88;102.88;102.88;"26/10/20 17:35";CET;0;0.00
"LYXOR SG GLB VAL";LU1081771369;SGVB;"Euronext Paris";EUR;89.77;89.77;88.73;88.73;"26/10/20 17:35";CET;1;89.77
"LYXOR STX 600 AUTO";LU1834983394;AUT;"Euronext Paris";EUR;55.684;56.679;55.635;55.635;"26/10/20 17:35";CET;513;28858.41
"LYXOR STX EU BANKS";LU1834983477;BNK;"Euronext Paris";EUR;11.508;11.739;11.433;11.509;"26/10/20 17:35";CET;105808;1229071.238
"LYXOR STX EU BA RE";LU1834983550;BRE;"Euronext Paris";EUR;53.806;54.331;53.63;53.648;"26/10/20 17:35";CET;3261;175429.053
"LYXOR STX600 CHEMI";LU1834983634;CHM;"Euronext Paris";EUR;123.939;123.939;122.21;122.21;"26/10/20 17:35";CET;71;8722.747
"LYXOR STX600 CONMA";LU1834983808;CST;"Euronext Paris";EUR;56.639;56.639;55.866;55.866;"26/10/20 17:35";CET;137;7721.899
"LYXOR STX 600 FIN";LU1834984798;FIN;"Euronext Paris";EUR;69.348;69.634;68.948;68.948;"26/10/20 17:35";CET;123;8512.777
"LYXOR STX EU FO BE";LU1834985845;FOO;"Euronext Paris";EUR;78.934;79.203;78.59;78.59;"26/10/20 17:35";CET;40;3162.823
"LYXOR STX EU HLTHC";LU1834986900;HLT;"Euronext Paris";EUR;105.50;105.595;104.865;104.955;"26/10/20 17:35";CET;8381;882808.145
"LYXOR STX 600 INDU";LU1834987890;IND;"Euronext Paris";EUR;67.936;68.283;67.182;67.182;"26/10/20 17:35";CET;167;11290.873
"LYXOR STX 600 INSU";LU1834987973;INS;"Euronext Paris";EUR;32.446;32.939;32.446;32.539;"26/10/20 17:35";CET;243;7931.627
"LYXOR STX600 MEDIA";LU1834988195;MDA;"Euronext Paris";EUR;31.833;31.833;31.778;31.778;"26/10/20 17:35";CET;0;0.00
"LYXOR ST EU OILGAS";LU1834988278;OIL;"Euronext Paris";EUR;26.657;26.993;26.373;26.373;"26/10/20 17:35";CET;21497;572598.574
"LYXOR STX600 GOODS";LU1834988351;PHG;"Euronext Paris";EUR;107.945;107.945;106.716;106.716;"26/10/20 17:35";CET;100;10724.723
"LYXOR STX600 RTAIL";LU1834988435;RTA;"Euronext Paris";EUR;44.359;44.577;44.238;44.238;"26/10/20 17:35";CET;2;89.154
"LYXOR STX EU TECH";LU1834988518;TNO;"Euronext Paris";EUR;59.573;60.336;58.36;58.534;"26/10/20 17:35";CET;8890;526645.707
"LYXOR STX EU TELE";LU1834988609;TELE;"Euronext Paris";EUR;29.36;29.626;29.218;29.218;"26/10/20 17:35";CET;865;25396.41
"LYXOR STX600 TRAVL";LU1834988781;TRV;"Euronext Paris";EUR;21.784;22.119;21.471;21.471;"26/10/20 17:35";CET;191;4196.481
"LYXOR STX EU UTILI";LU1834988864;UTI;"Euronext Paris";EUR;53.153;53.58;53.138;53.17;"26/10/20 17:35";CET;926;49295.909
"LYXOR STXX EU SDIV";LU1812092168;SEL;"Euronext Paris";EUR;12.553;12.665;12.553;12.558;"26/10/20 17:35";CET;3308;41725.079
"LYXOR ETF DJ GT50";FR0007075494;MGT;"Euronext Paris";EUR;43.373;43.421;42.75;42.75;"26/10/20 17:35";CET;869;37272.375
"LYXOR BRAZIL PEA";FR0011869205;PRIO;"Euronext Paris";EUR;8.08;8.111;8.024;8.054;"26/10/20 17:35";CET;491;3960.504
"LYXOR HSCEI PEA";FR0011871078;PASI;"Euronext Paris";EUR;14.004;14.004;13.882;13.882;"26/10/20 17:35";CET;2221;30957.53
"LYXOR DJIA PEA";FR0011869270;PDJE;"Euronext Paris";EUR;21.59;21.665;21.25;21.25;"26/10/20 17:35";CET;782;16867.20
"LYXOR IMMO EUR PEA";FR0011869304;PMEH;"Euronext Paris";EUR;12.867;12.902;12.696;12.741;"26/10/20 17:35";CET;4415;56418.065
"LYXOR TOPIX PEA";FR0011871102;PJPN;"Euronext Paris";EUR;17.23;17.249;17.174;17.178;"26/10/20 17:35";CET;779;13404.642
"LYXOR TOPIX DH PEA";FR0011884121;PJPH;"Euronext Paris";EUR;14.612;14.616;14.556;14.556;"26/10/20 17:35";CET;1095;15975.284
"LYXOR ASIP EXJ PEA";FR0011869312;PAEJ;"Euronext Paris";EUR;15.944;16.006;15.888;15.888;"26/10/20 17:35";CET;3292;52404.611
"LYXOR MSCI EM PEA";FR0011440478;PLEM;"Euronext Paris";EUR;14.756;14.808;14.723;14.723;"26/10/20 17:35";CET;2013;29698.929
"LYXOR INDIA PEA";FR0011869320;PINR;"Euronext Paris";EUR;14.204;14.23;14.204;14.213;"26/10/20 17:35";CET;2319;32965.091
"LYXOR KOREA PEA";FR0011869338;PKRW;"Euronext Paris";EUR;13.985;14.003;13.861;13.861;"26/10/20 17:35";CET;86;1198.842
"LYXOR MSCI USA PEA";FR0011869346;PUSA;"Euronext Paris";EUR;23.541;23.541;23.208;23.208;"26/10/20 17:35";CET;2428;56620.391
"LYXOR MSCI WOR PEA";FR0011869353;EWLD;"Euronext Paris";EUR;18.439;18.515;18.288;18.288;"26/10/20 17:35";CET;10895;200411.283
"LYXOR NSDQ 100 PEA";FR0011871110;PUST;"Euronext Paris";EUR;38.70;39.09;38.375;38.375;"26/10/20 17:35";CET;28339;1089155.85
"LYXOR RUSSIA PEA";FR0011869387;PRUS;"Euronext Paris";EUR;12.10;12.10;11.978;11.978;"26/10/20 17:35";CET;102;1231.268
"LYXOR SOUTH AF PEA";FR0011871144;PAFS;"Euronext Paris";EUR;8.381;8.398;8.381;8.398;"26/10/20 17:35";CET;0;0.00
"LYXOR W WATER PEA";FR0011882364;AWAT;"Euronext Paris";EUR;19.95;19.95;19.714;19.714;"26/10/20 17:35";CET;2019;40006.451
"LYXOR ETF SMART C";LU1190417599;CSH2;"Euronext Paris";EUR;984.60;984.70;984.60;984.70;"26/10/20 17:35";CET;169;166414.30
"LYXOR LY DURA 25Y";LU1686832194;MTH;"Euronext Paris";EUR;145.064;145.064;143.791;143.791;"26/10/20 17:35";CET;93;13392.285
"LYXOR US FLATTEN";LU2018761762;FLTU;"Euronext Paris";EUR;86.665;86.82;86.665;86.82;"26/10/20 17:35";CET;0;0.00
"LYXOR US STEEPEN";LU2018762653;STPU;"Euronext Paris";EUR;82.935;82.935;82.925;82.925;"26/10/20 17:35";CET;0;0.00
"LYXOR 10Y INFBRKEV";LU1390062831;INFU;"Euronext Paris";EUR;87.12;87.12;86.95;87.09;"26/10/20 17:35";CET;578;50283.50
"LYXOR US LIQ IG CB";LU1285960032;USIH;"Euronext Paris";EUR;98.43;98.43;98.32;98.32;"26/10/20 17:35";CET;0;0.00
"LYXOR WIG 20";LU0459113907;WIG;"Euronext Paris";EUR;44.445;44.445;44.11;44.11;"26/10/20 17:35";CET;0;0.00
"LYXOR ETF W WATER";FR0010527275;WAT;"Euronext Paris";EUR;43.464;43.538;43.215;43.215;"26/10/20 17:35";CET;6577;285192.658
"OSSIAM EM MINVAR E";LU0705291903;EMMV;"Euronext Paris";EUR;95.79;96.24;95.79;96.24;"26/10/20 17:35";CET;0;0.00
"OSSIAM ETF GMARC C";LU1446552496;GMRC;"Euronext Paris";EUR;265.75;265.75;265.40;265.40;"26/10/20 17:35";CET;0;0.00
"OSSIAM ISTOXX EUMV";LU0599612842;EUMV;"Euronext Paris";EUR;192.22;192.44;191.22;191.22;"26/10/20 17:35";CET;64;12315.06
"OSSIAM ETF JPMV C";LU1254453738;JPMV;"Euronext Paris";EUR;101.08;101.08;101.04;101.04;"26/10/20 17:35";CET;0;0.00
"OSSIAM CMD RISKW E";LU0876440578;CRWE;"Euronext Paris";EUR;64.66;64.85;64.66;64.85;"26/10/20 17:35";CET;0;0.00
"OSSIAM ETF CAPE EU";LU1079842321;CAPE;"Euronext Paris";EUR;326.25;326.25;325.45;325.45;"26/10/20 17:35";CET;0;0.00
"OSSIAM ETF CAPE US";LU1079841273;CAPU;"Euronext Paris";EUR;708.10;710.80;699.10;699.10;"26/10/20 17:35";CET;31;21837.70
"OSSIAM ETF MOOC";LU1093307442;MOOC;"Euronext Paris";EUR;190.84;190.84;190.50;190.50;"26/10/20 17:35";CET;1007;192175.88
"OSSIAM EURP EQUI W";LU0599613147;S6EW;"Euronext Paris";EUR;89.77;89.99;89.23;89.23;"26/10/20 17:35";CET;40;3599.60
"OSSIAM US MINVAR E";IE00BHNGHX58;SPMV;"Euronext Paris";EUR;203.79;203.79;202.65;202.65;"26/10/20 17:35";CET;44;8964.12
"OSSIAM US MINVAR U";IE00BHNGHW42;MVUS;"Euronext Paris";USD;241.10;241.10;239.52;239.52;"26/10/20 17:35";CET;0;0.00
"SPDR 1-3 EUR GOV";IE00B6YX5F63;GOVS;"Euronext Paris";EUR;52.419;52.419;52.40;52.40;"26/10/20 17:35";CET;0;0.00
"SPDR EMD LOCAL";IE00B4613386;EMLD;"Euronext Paris";EUR;58.06;58.239;57.984;58.136;"26/10/20 17:35";CET;278;16169.857
"SPDR Euro Agg";IE00B41RYL63;EAGG;"Euronext Paris";EUR;65.035;65.035;64.90;64.979;"26/10/20 17:35";CET;255;16560.244
"SPDR Euro Corp";IE00B3T9LM79;EUCO;"Euronext Paris";EUR;59.811;59.811;59.703;59.703;"26/10/20 17:35";CET;1;59.733
"SPDR Euro Govt";IE00B3S5XW04;GOVY;"Euronext Paris";EUR;68.57;68.57;68.421;68.421;"26/10/20 17:35";CET;0;0.00
"SPDR US Agg";IE00B459R192;USAG;"Euronext Paris";EUR;96.506;96.616;96.506;96.616;"26/10/20 17:35";CET;0;0.00
"SPDR US Treasury";IE00B44CND37;TSYE;"Euronext Paris";EUR;98.362;98.517;98.362;98.517;"26/10/20 17:35";CET;36;3542.976
"SPDR 0-3 EUR CORP";IE00BC7GZW19;SEUC;"Euronext Paris";EUR;30.236;30.263;30.236;30.238;"26/10/20 17:35";CET;478;14465.714
"SPDR ER HIGH YIELD";IE00B6YX5M31;JNKE;"Euronext Paris";EUR;55.154;55.171;55.154;55.171;"26/10/20 17:35";CET;0;0.00
"SPDR EURO LV";IE00BFTWP510;ELOW;"Euronext Paris";EUR;37.33;37.385;37.22;37.31;"26/10/20 17:35";CET;1046;39071.465
"SPDR ACWI";IE00B44Z5B48;ACWE;"Euronext Paris";EUR;127.34;127.989;126.507;126.507;"26/10/20 17:35";CET;382;48475.052
"SPDR ACWI IMI";IE00B3YLTY66;IMIE;"Euronext Paris";EUR;130.54;130.54;129.018;129.018;"26/10/20 17:35";CET;1735;225584.527
"SPDR EM Asia";IE00B466KX20;EMAE;"Euronext Paris";EUR;66.00;66.139;65.935;65.935;"26/10/20 17:35";CET;6025;398359.062
"SPDR Emerging";IE00B469F816;EMRG;"Euronext Paris";EUR;51.17;51.17;50.905;50.905;"26/10/20 17:35";CET;5;255.098
"SPDR MSCI EMU";IE00B910VR50;EMUE;"Euronext Paris";EUR;47.145;47.145;46.895;46.895;"26/10/20 17:35";CET;0;0.00
"SPDR MSCI COMM";IE00BKWQ0N82;STT;"Euronext Paris";EUR;46.76;47.39;46.745;46.745;"26/10/20 17:35";CET;5531;260083.10
"SPDR MSCI CO.DI";IE00BKWQ0C77;STR;"Euronext Paris";EUR;119.96;121.22;119.34;119.34;"26/10/20 17:35";CET;4178;498391.24
"SPDR MSCI CO.ST";IE00BKWQ0D84;STS;"Euronext Paris";EUR;189.42;189.84;188.52;188.66;"26/10/20 17:35";CET;1176;222327.70
"SPDR MSCI ENERGY";IE00BKWQ0F09;STN;"Euronext Paris";EUR;72.54;73.74;72.16;72.16;"26/10/20 17:35";CET;105;7672.21
"SPDR MSCI FINANC";IE00BKWQ0G16;STZ;"Euronext Paris";EUR;39.86;40.375;39.745;39.745;"26/10/20 17:35";CET;16845;672963.14
"SPDR MSCI HLT";IE00BKWQ0H23;STW;"Euronext Paris";EUR;152.12;153.36;152.12;152.60;"26/10/20 17:35";CET;107;16405.92
"SPDR MSCI INDUST";IE00BKWQ0J47;STQ;"Euronext Paris";EUR;183.82;184.50;181.44;181.44;"26/10/20 17:35";CET;56;10249.16
"SPDR MSCI MAT";IE00BKWQ0L68;STP;"Euronext Paris";EUR;204.20;205.30;203.20;203.20;"26/10/20 17:35";CET;84;17204.65
"SPDR EU SM.CAP";IE00BKWQ0M75;SMC;"Euronext Paris";EUR;227.66;229.60;225.90;225.90;"26/10/20 17:35";CET;215;49259.56
"SPDR MSCI TECHNO";IE00BKWQ0K51;STK;"Euronext Paris";EUR;82.73;83.39;80.95;80.97;"26/10/20 17:35";CET;3234;266810.28
"SPDR MSCI EUROPE";IE00BKWQ0Q14;ERO;"Euronext Paris";EUR;192.11;193.556;191.505;191.505;"26/10/20 17:35";CET;400;77221.81
"SPDR MSCI UTIL";IE00BKWQ0P07;STU;"Euronext Paris";EUR;132.92;133.56;132.92;133.02;"26/10/20 17:35";CET;60;8013.60
"SPDR MSCI JapanETF";IE00BZ0G8B96;JPJY;"Euronext Paris";JPY;4957.16;4977.87;4947.75;4949.64;"26/10/20 17:35";CET;53;262471.71
"SPDR RUSSELL 2K";IE00BJ38QD84;R2US;"Euronext Paris";EUR;37.715;37.88;37.345;37.345;"26/10/20 17:35";CET;378;14271.765
"SPDR S&P 400 MID";IE00B4YBJ215;SPY4;"Euronext Paris";EUR;49.505;49.63;48.99;48.99;"26/10/20 17:35";CET;2179;107830.865
"SPDR 500 LOW VOL";IE00B802KR88;LOWV;"Euronext Paris";EUR;47.705;47.705;47.519;47.519;"26/10/20 17:35";CET;0;0.00
"SPDR S&P 500";IE00B6YX5C33;SPY5;"Euronext Paris";EUR;289.30;289.30;286.35;286.35;"26/10/20 17:35";CET;508;145757.90
"SPDR EUR DIV ARIST";IE00B5M1WJ87;EUDV;"Euronext Paris";EUR;18.984;19.106;18.88;18.888;"26/10/20 17:35";CET;6586;125312.362
"LYXOR SP500 PEA";FR0011871128;PSP5;"Euronext Paris";EUR;23.828;23.93;23.59;23.59;"26/10/20 17:35";CET;5450;122520.10
"VANGUARD EURCORPBD";IE00BZ163G84;VECP;"Euronext Amsterdam, Paris";EUR;54.46;54.46;54.30;54.33;"26/10/20 17:35";CET;81;4399.81
"VANGUARD EURGVBD";IE00BZ163H91;VETY;"Euronext Amsterdam, Paris";EUR;27.787;27.787;27.686;27.713;"26/10/20 17:35";CET;12667;351264.466
"VANGUARD FTSE HDY";IE00B8GKDB10;VHYL;"Euronext Amsterdam, Paris";EUR;42.134;42.15;41.724;41.753;"26/10/20 17:35";CET;4472;187894.757
"VANGUARD FTSE AW";IE00B3RBWM25;VWRL;"Euronext Amsterdam, Paris";EUR;80.11;80.44;79.52;79.52;"26/10/20 17:35";CET;31858;2537309.97
"VANGUARD FTSE APXJ";IE00B9F5YL18;VAPX;"Euronext Amsterdam, Paris";EUR;21.00;21.09;20.93;20.93;"26/10/20 17:35";CET;38836;815789.547
"VANGUARD FTSE DE";IE00BKX55S42;VERX;"Euronext Amsterdam, Paris";EUR;28.58;28.78;28.38;28.38;"26/10/20 17:35";CET;5411;154979.235
"VANGUARD FTSE EUR";IE00B945VV12;VEUR;"Euronext Amsterdam, Paris";EUR;27.552;27.927;27.552;27.56;"26/10/20 17:35";CET;62710;1717699.074
"VANGUARD FTSE DW";IE00BKX55T58;VEVE;"Euronext Amsterdam, Paris";EUR;59.46;59.50;59.00;59.00;"26/10/20 17:35";CET;251;8962.20
"VANGUARD FTSE EM";IE00B3VVMM84;VFEM;"Euronext Amsterdam, Paris";EUR;51.50;51.78;51.38;51.49;"26/10/20 17:35";CET;11339;583681.14
"VANGUARD FTSE JPN";IE00B95PGT31;VJPN;"Euronext Amsterdam, Paris";EUR;26.375;26.44;26.35;26.36;"26/10/20 17:35";CET;4147;109444.85
"VANGUARD FTSE NA";IE00BKX55R35;VNRT;"Euronext Amsterdam, Paris";EUR;71.73;71.96;71.01;71.01;"26/10/20 17:35";CET;19;1364.52
"VANGUARD GLBLLIQ";IE00BYYR0D71;VLIQ;"Euronext Amsterdam, Paris";EUR;30.421;30.421;30.018;30.018;"26/10/20 17:35";CET;3;91.263
"VANGUARD GLBLMINVO";IE00BYYR0C64;VMVL;"Euronext Amsterdam, Paris";EUR;28.486;28.504;28.268;28.268;"26/10/20 17:35";CET;364;10362.041
"VANGUARD GLBLMOM";IE00BYYR0935;VMOM;"Euronext Amsterdam, Paris";EUR;32.983;32.983;32.649;32.649;"26/10/20 17:35";CET;385;12694.438
"VANGUARD GLBLVAL";IE00BYYR0B57;VVAL;"Euronext Amsterdam, Paris";EUR;24.634;24.673;24.268;24.268;"26/10/20 17:35";CET;393;9682.887
"VANGUARD S&P500";IE00B3XXRP09;VUSA;"Euronext Amsterdam, Paris";EUR;54.91;55.177;54.344;54.344;"26/10/20 17:35";CET;275857;15025485.168
"VANGUARD USDCORPBD";IE00BZ163K21;VUCP;"Euronext Amsterdam, Paris";EUR;48.40;48.594;48.40;48.568;"26/10/20 17:35";CET;72;3489.844
"VANGUARD USDEMGVBN";IE00BZ163L38;VEMT;"Euronext Amsterdam, Paris";EUR;43.495;43.495;43.438;43.438;"26/10/20 17:35";CET;0;0.00
"VANGUARD USDTRBOND";IE00BZ163M45;VUTY;"Euronext Amsterdam, Paris";EUR;22.534;22.593;22.534;22.586;"26/10/20 17:35";CET;727;16404.804
"WT Brent Crude Oil";JE00B78CGV99;BRNT;"Euronext Paris";EUR;14.205;14.225;14.205;14.225;"26/10/20 17:35";CET;0;0.00
